maxAge,priceHint,previousClose,open,dayLow,dayHigh,regularMarketPreviousClose,regularMarketOpen,regularMarketDayLow,regularMarketDayHigh,dividendRate,dividendYield,exDividendDate,payoutRatio,beta,trailingPE,forwardPE,volume,regularMarketVolume,averageVolume,averageVolume10days,averageDailyVolume10Day,bid,ask,bidSize,askSize,marketCap,fiftyTwoWeekLow,fiftyTwoWeekHigh,priceToSalesTrailing12Months,fiftyDayAverage,twoHundredDayAverage,trailingAnnualDividendRate,trailingAnnualDividendYield,currency,fromCurrency,toCurrency,lastMarket,coinMarketCapLink,algorithm,tradeable,Ticker,fiveYearAvgDividendYield,yield,ytdReturn,totalAssets
1,2,80.53,80.15,80.06,81.08,80.53,80.15,80.06,81.08,2.0,0.0221,2024-06-13 02:00:00,0.5142,0.349,16.779165,8.160081,8042313.0,8042313.0,14656706,11135580,11135580,0.0,0.0,1200.0,900.0,191582109696.0,66.63,117.82,0.20161274,88.6568,84.16355,0.0,0.0,USD,,,,,,False,BABA,,,,
1,2,192.04,190.195,187.36,191.18,192.04,190.195,187.36,191.18,0.8,0.0042,2024-12-09 01:00:00,0.0531,1.034,25.332891,21.318079,21610786.0,21610786.0,28100091,20920610,20920610,187.0,191.1,300.0,600.0,2345239838720.0,130.67,201.42,6.9006257,181.3734,170.82684,0.4,0.0020828994,USD,,,,,,False,GOOGL,,,,
1,2,218.94,218.1,216.47,219.4,218.94,218.1,216.47,219.4,,,,0.0,1.146,46.67949,35.521954,26986266.0,26986266.0,38030981,27987990,27987990,218.29,228.9,800.0,100.0,2297107054592.0,149.91,233.0,3.7042468,214.0276,191.0885,0.0,0.0,USD,,,,,,False,AMZN,,,,
1,2,236.85,233.5,229.72,234.67,236.85,233.5,229.72,234.67,1.0,0.0043,2024-11-08 01:00:00,0.1612,1.24,38.616142,28.206978,49056366.0,49056366.0,45154258,42582530,42582530,234.16,234.53,100.0,200.0,3524883644416.0,164.08,260.1,9.014241,238.7128,215.46355,0.98,0.00413764,USD,,,,,,False,AAPL,0.61,,,
1,2,442.66,442.04,441.15,445.0,442.66,442.04,441.15,445.0,,,,0.0,0.871,8.976946,22.107073,3636382.0,3636382.0,3984143,3522150,3522150,0.0,0.0,1000.0,800.0,957482795008.0,357.98,491.67,2.5885398,461.4296,437.7288,0.0,0.0,USD,,,,,,False,BRK-B,,,,
1,2,109.09,109.55,109.01,111.47,109.09,109.55,109.01,111.47,1.46,0.013200001,2024-12-02 01:00:00,0.2768,0.974,21.555555,20.553904,1021714.0,1021714.0,1100425,975270,975270,95.0,0.0,800.0,800.0,15478546432.0,108.36,131.59,1.5597748,117.4424,120.0325,1.42,0.013016775,USD,,,,,,False,EXPD,1.15,,,
1,2,504.67,501.0,499.92,506.15,504.67,501.0,499.92,506.15,3.04,0.006,2025-01-10 01:00:00,0.1927,1.101,38.164024,30.82479,2275872.0,2275872.0,2565941,2154670,2154670,0.0,0.0,900.0,900.0,463422029824.0,425.48,537.7,17.021305,522.432,480.59454,2.64,0.005231141,USD,,,,,,False,MA,0.52,,,
1,2,418.95,415.23,412.34,418.5,418.95,415.23,412.34,418.5,3.32,0.008,2025-02-20 01:00:00,0.2477,0.904,34.47851,27.905685,17285584.0,17285584.0,21036358,16023060,16023060,416.7,417.58,100.0,100.0,3101757538304.0,384.81,468.35,12.202517,428.2556,425.1202,3.08,0.0073517123,USD,,,,,,False,MSFT,0.86,,,
1,2,135.91,129.995,129.51,133.49,135.91,129.995,129.51,133.49,0.04,0.00029999999,2024-09-12 02:00:00,0.0111,1.657,52.660076,32.33738,202414626.0,202414626.0,218721196,208937550,208937550,131.17,139.16,100.0,100.0,3262802558976.0,54.74,153.13,33.87918,139.8712,119.36125,0.0,0.0,USD,,,,,,False,NVDA,0.09,,,
1,2,134.02,133.81,132.54,134.5,134.02,133.81,132.54,134.5,,,,0.0,0.468,29.490065,22.008236,326511.0,326511.0,437435,327240,327240,133.2,133.79,100.0,200.0,4888124928.0,119.17,201.03,8.243738,144.9472,141.3485,0.0,0.0,USD,,,,,,False,QLYS,,,,
1,2,217.75,215.9,211.0,217.28,217.75,215.9,211.0,217.28,,,,0.0,0.813,52.683167,31.485205,1239024.0,1239024.0,1124935,956010,956010,0.0,0.0,800.0,800.0,34554572800.0,170.25,258.93,13.426296,222.5464,206.05795,0.0,0.0,USD,,,,,,False,VEEV,,,,
1,2,86.26,84.42,83.69,84.72,86.26,84.42,83.69,84.72,1.45,0.0171,2024-08-16 02:00:00,0.4673,0.165,29.079039,20.791155,6894658.0,6894658.0,6701495,6724080,6724080,0.0,0.0,1000.0,800.0,373827469312.0,81.5,148.15,1.381563,102.0198,123.529,9.9,0.114769295,USD,,,,,,False,NVO,1.45,,,
1,2,15.05,15.05,15.0,15.15,15.05,15.05,15.0,15.15,0.26,0.0195,2024-05-30 02:00:00,0.4,1.182,21.642857,18.253012,6213.0,6213.0,8272,6514,6514,15.15,15.25,10000.0,43900.0,264294768.0,12.75,16.0,2.062563,13.933,14.077,0.0,0.0,EUR,,,,,,False,IVU.DE,1.3,,,
1,2,27.0,27.0,27.0,27.0,27.0,27.0,27.0,27.0,1.3,0.0481,2024-05-14 02:00:00,0.5138,0.391,10.671937,,32854.0,32854.0,2956,7491,7491,27.0,0.0,5000.0,500.0,272160000.0,20.0,27.0,2.9266405,21.492,21.4235,1.3,0.048148148,EUR,,,,,,False,OLTH.AT,5.45,,,
1,2,224.31,219.775,219.65,229.26,224.31,219.775,219.65,229.26,2.12,0.0117,2024-09-19 02:00:00,1.6317999,1.187,176.00781,36.513775,23674273.0,23674273.0,28756160,26204790,26204790,213.13,225.32,100.0,500.0,1056015319040.0,109.021,251.88,22.557201,193.581,163.53595,0.0,0.0,USD,,,,,,False,AVGO,2.69,,,
1,2,0.0,173.58,173.58,173.58,0.0,173.58,173.58,173.58,4.69,0.0278,2025-01-10 01:00:00,0.91660005,1.204,30.22939,,6.0,6.0,128,130,130,155.25,168.68,21500.0,21500.0,5561497600.0,117.04,184.5,10.579223,169.0772,141.5748,5.4,Infinity,USD,,,,,,False,GMWKF,2.82,,,
1,2,166.42,164.62,163.54,166.45,166.42,164.62,163.54,166.45,,,2012-11-23 01:00:00,0.0,0.973,113.40411,35.683193,330909.0,330909.0,547400,428690,428690,151.54,179.49,200.0,200.0,8864717824.0,101.61,180.97,4.3399186,166.0966,136.36674,0.0,0.0,USD,,,,,,False,MASI,,,,
1,2,49.74,49.99,49.395,50.19,49.74,49.99,49.395,50.19,,,,0.0,0.742,32.044872,26.73262,5256777.0,5256777.0,5326013,3990380,3990380,49.94,50.05,600.0,400.0,48616275968.0,43.32,61.23,6.560214,53.225,51.94765,0.0,0.0,USD,,,,,,False,MNST,,,,
1,2,81.15,80.78,80.75,82.6,81.15,80.78,80.75,82.6,1.0,0.0123000005,2024-11-15 01:00:00,0.12,1.802,9.763506,16.201195,1786811.0,1786811.0,2394525,2054110,2054110,81.19,85.61,300.0,100.0,8931254272.0,71.63,110.38,1.2526964,90.3192,90.1837,1.0,0.012322859,USD,,,,,,False,WYNN,2.28,,,
1,2,140.92,139.7,138.82,142.86,140.92,139.7,138.82,142.86,1.15,0.008,2025-01-02 01:00:00,0.2207,1.244,27.420345,20.379457,371294.0,371294.0,313748,271500,271500,0.0,142.0,800.0,800.0,6701176832.0,108.91,153.81,8.602171,144.432,128.64854,1.15,0.008160658,USD,,,,,,False,CHH,1.1,,,
1,2,337.81,336.62,335.0,337.8,337.81,336.62,335.0,337.8,,,,0.0,1.111,52.11592,30.625793,508796.0,508796.0,482910,403910,403910,336.53,337.73,100.0,100.0,29487265792.0,289.82,363.03,11.949083,340.552,327.61414,0.0,0.0,USD,,,,,,False,ANSS,,,,
1,2,418.05,417.06,413.07,424.02,418.05,417.06,413.07,424.02,,,,0.0,1.357,40.832848,35.33612,640534.0,640534.0,663326,478120,478120,422.26,423.17,100.0,200.0,34606112768.0,398.5,583.39,9.000718,424.5834,474.6626,0.0,0.0,USD,,,,,,False,IDXX,,,,
1,2,118.23,115.84,115.22,117.05,118.23,115.84,115.22,117.05,4.14,0.0355,2024-08-30 02:00:00,0.5806,0.391,16.884226,16.249304,2269029.0,2269029.0,1005153,992870,992870,0.0,0.0,800.0,1100.0,66859847680.0,115.22,154.71,3.2986257,123.2648,131.62524,1.035,0.008754123,USD,,,,,,False,DEO,2.38,,,
1,2,39.73,39.73,39.73,39.73,39.73,39.73,39.73,39.73,0.76,0.0196,2024-06-28 02:00:00,0.5977,0.161,31.104837,,7.0,7.0,1266,1980,1980,37.6,38.66,27000.0,40000.0,4592838656.0,29.7,47.2,0.101080045,42.6242,38.5164,7.76,0.1953184,USD,,,,,,False,CLCGY,2.08,,,
1,2,335.5,335.5,335.5,335.5,335.5,335.5,335.5,335.5,7.07,0.0208,2024-04-26 02:00:00,0.5459,0.754,27.393057,,200.0,200.0,1956,2070,2070,336.3,340.5,28000.0,40000.0,181345484800.0,331.35,506.41,4.2440643,354.7488,422.7643,6.6,0.019672131,USD,,,,,,False,LRLCF,1.73,,,
1,2,13.08,13.05,13.03,13.09,13.08,13.05,13.03,13.09,0.45,0.0344,2024-05-01 02:00:00,1.3584,0.471,40.937504,15.7831335,58564.0,58564.0,483001,449910,449910,13.07,13.1,40000.0,40000.0,42715697152.0,7.08,14.72,1.5699105,13.689,13.35445,2.1,0.16055045,USD,,,,,,False,DANOY,2.66,,,
1,2,247.925,250.85,249.85,251.7,247.925,250.85,249.85,251.7,3.15,0.0223,2023-05-09 02:00:00,0.4481,0.971352,35.66145,,5919.0,5919.0,269850,288448,288448,248.75,252.1,0.0,0.0,156121661440.0,173.12,255.95,4.3692393,243.0855,230.44237,3.15,0.0127054555,EUR,,,,,,False,0NWV.IL,2.07,,,
1,2,16550.0,16600.0,16516.0,16800.0,16550.0,16600.0,16516.0,16800.0,,,2023-12-26 01:00:00,0.33290002,0.274,6.381923,335.94534,38231.0,38231.0,0,0,0,17002.0,16642.0,1500.0,100.0,255586927116288.0,16516.0,21300.0,19883.844,21300.0,21300.0,0.0,0.0,RUB,,,,,,False,GMKN.ME,8.78,,,
1,2,58.74,58.92,58.17,58.93,58.74,58.92,58.17,58.93,1.6,0.0272,2025-01-03 01:00:00,0.6824,,25.218884,15.066666,19328439.0,19328439.0,19291255,15075170,15075170,58.7,58.8,3000.0,1800.0,234026975232.0,44.5,60.23,4.4176035,58.3466,51.3096,1.19,0.020258768,USD,,,,,,False,CSCO,3.07,,,
1,2,47.21,47.18,46.5,47.275,47.21,47.18,46.5,47.275,0.8,0.0171,2024-11-05 01:00:00,0.396,1.117,23.20297,17.043636,4067259.0,4067259.0,4704200,2952740,2952740,0.0,47.11,800.0,1000.0,33981966336.0,36.62,56.61,3.0027363,51.5196,46.66285,0.8,0.016945563,USD,,,,,,False,LVS,4.75,,,
1,2,41.93,41.43,41.43,41.93,41.93,41.43,41.43,41.93,0.6,0.0143,2025-01-10 01:00:00,0.45669997,,32.73438,,5292.0,5292.0,173263,336060,336060,41.59,41.76,36200.0,45900.0,38907797504.0,39.58,53.1,5.329105,46.4156,46.46045,0.585,0.013951824,USD,,,,,,False,EXPGY,1.36,,,
1,2,4739.55,4696.56,4660.32,4780.575,4739.55,4696.56,4660.32,4780.575,35.0,0.0073,2024-12-06 01:00:00,0.1776,1.385,32.258263,22.701452,209835.0,209835.0,224186,181600,181600,4753.92,4773.88,100.0,100.0,157669359616.0,3180.0,5337.24,6.839726,5022.865,4131.8613,26.25,0.005538501,USD,,,,,,False,BKNG,,,,
1,2,207.08,206.5,205.72,209.66,207.08,206.5,205.72,209.66,,,2011-05-05 02:00:00,0.0,0.911,24.452744,24.226591,750503.0,750503.0,683345,808160,808160,209.27,209.73,300.0,500.0,20138715136.0,167.05,213.68,13.05674,191.6264,183.18146,0.0,0.0,USD,,,,,,False,VRSN,,,,
1,4,4.56,4.55,4.54,4.73,4.56,4.55,4.54,4.73,0.06,0.0139,2024-09-27 02:00:00,0.3969,0.923,31.066664,13.705882,88068.0,88068.0,419893,364110,364110,4.56,4.64,40000.0,396000.0,21447835648.0,0.505,6.625,0.0086360555,4.6118,5.190725,40.0,8.77193,USD,,,,,,False,NJDCY,0.85,,,
1,2,4790.0,5211.0,5211.0,5211.0,4790.0,5211.0,5211.0,5211.0,75.24,0.018099999,2024-03-25 01:00:00,0.6102,0.487,42.825443,40.134014,3.0,3.0,23,50,50,4037.7,4438.8,1200.0,800.0,49051611136.0,3872.26,5335.0,6.892175,4537.8423,4687.1104,68.0,0.014196242,USD,,,,,,False,GVDBF,1.83,,,
1,2,65.9,64.502,64.27,66.36,65.9,64.502,64.27,66.36,1.08,0.0164,2024-11-29 01:00:00,0.26700002,1.337,16.554157,12.590039,3924568.0,3924568.0,4744906,5616640,5616640,65.64,69.66,1300.0,100.0,31479879680.0,40.16,71.52,3.066421,62.8636,57.8751,1.06,0.016084976,USD,,,,,,False,EBAY,1.64,,,
1,2,22.22,22.22,22.22,22.22,22.22,22.22,22.22,22.22,0.73,0.0315,2025-03-28 01:00:00,0.35580003,0.006,21.904762,,24.0,24.0,0,0,0,17.46,22.7,40000.0,40000.0,2873551104.0,20.516,23.0,0.0091799125,23.0,22.63549,56.0,2.520252,USD,,,,,,False,CBCFF,,,,
1,2,22.7,22.52,22.48,22.78,22.7,22.52,22.48,22.78,0.5,0.0219,2024-10-29 01:00:00,0.71550006,0.626,29.467533,26.694117,11561749.0,11561749.0,7292383,4890390,4890390,0.0,22.63,3200.0,1200.0,94283300864.0,16.04,23.63,5.005484,22.3234,20.58515,0.49,0.021585902,USD,,,,,,False,INFY,2.2,,,
1,2,262.23,262.11,261.31,270.49,262.23,262.11,261.31,270.49,9.52,0.0352,2025-02-14 01:00:00,1.1341001,0.599,34.46301,13.071602,3271314.0,3271314.0,3445898,2712250,2712250,254.24,282.07,100.0,100.0,145236033536.0,253.3,346.85,4.464131,283.128,304.2569,8.88,0.033863403,USD,,,,,,False,AMGN,2.98,,,
1,2,36.83,35.99,35.99,35.99,36.83,35.99,35.99,35.99,0.93,0.0253,2024-12-27 01:00:00,0.8521,0.113,33.01835,,621.0,621.0,10,0,0,35.98,37.13,20000.0,20000.0,16901516288.0,33.4,44.84,0.010585234,39.0378,39.7133,151.0,4.0999184,EUR,,,,,,False,KAO.F,2.38,,,
1,2,92.44,91.39,91.39,91.39,92.44,91.39,91.39,91.39,2.84,0.0307,2024-08-21 02:00:00,0.8086,0.911,27.03846,,29.0,29.0,142,51,51,91.44,92.08,30000.0,30000.0,152810471424.0,66.77,99.44,5.8505483,94.0942,82.9713,4.65,0.0503029,EUR,,,,,,False,CWW.F,3.99,,,
1,2,25.28,25.46,25.46,25.46,25.28,25.46,25.46,25.46,0.56,0.0223,2024-09-27 02:00:00,0.6001,0.73,27.97802,,1500.0,1500.0,482,103,103,25.46,25.79,10000.0,10000.0,23917860864.0,23.26,28.49,0.030486437,25.0386,25.44205,88.39,3.4964397,EUR,,,,,,False,FUC.F,1.87,,,
1,2,28.51,28.65,28.48,29.02,28.51,28.65,28.48,29.02,1.6,0.0556,2024-11-29 01:00:00,1.4414,0.475,25.927929,9.374594,14938395.0,14938395.0,9759141,8159280,8159280,28.77,28.8,1900.0,2300.0,34799915008.0,28.48,38.96,1.3317993,31.481,34.1681,1.6,0.05612066,USD,,,,,,False,KHC,4.55,,,
1,2,330.16,329.72,327.44,336.41,330.16,329.72,327.44,336.41,2.86,0.0085,2024-11-15 01:00:00,0.2736,1.175,33.444775,26.30047,1033985.0,1033985.0,1948551,1436830,1436830,0.0,0.0,800.0,800.0,84652826624.0,282.09,400.42,3.6720161,367.7712,343.791,2.75,0.008329295,USD,,,,,,False,SHW,0.84,,,
1,2,418.23,414.86,401.8,414.86,418.23,414.86,401.8,414.86,,,2012-03-16 01:00:00,0.0,1.326,16.183495,17.66244,787424.0,787424.0,1013128,807300,807300,403.72,404.21,100.0,100.0,18731708416.0,318.17,574.76,1.6545742,398.8546,392.5587,0.0,0.0,USD,,,,,,False,ULTA,,,,
1,2,70.2,68.7,67.395,68.7,70.2,68.7,67.395,68.7,0.66,0.0097,2024-12-17 01:00:00,0.28370002,1.238,39.27586,31.638885,5439764.0,5439764.0,6568180,4769110,4769110,0.0,0.0,1000.0,900.0,82391384064.0,47.375,75.78,5.7890015,71.7248,65.9995,0.495,0.0070512826,USD,,,,,,False,APH,0.93,,,
1,2,176.15,174.49,174.11,176.71,176.15,174.49,174.11,176.71,1.12,0.0063,2024-12-06 01:00:00,0.1899,1.163,30.74913,24.178082,779003.0,779003.0,1121421,785160,785160,0.0,0.0,800.0,800.0,40825860096.0,149.03,198.33,5.9078326,187.0906,174.21025,1.09,0.0061879084,USD,,,,,,False,AME,0.63,,,
1,2,173.46,174.66,173.78,177.18,173.46,174.66,173.78,177.18,6.48,0.0366,2024-12-27 01:00:00,1.5807,0.842,42.533657,26.05891,1884720.0,1884720.0,2521743,2201400,2201400,0.0,0.0,1800.0,2900.0,82682118144.0,170.46,243.56,7.4036837,196.8654,204.45055,6.56,0.037818514,USD,,,,,,False,AMT,2.45,,,
1,2,41.46,40.93,40.93,41.03,41.46,40.93,40.93,41.03,0.69,0.0168,2024-04-26 02:00:00,0.45290002,1.082,27.536911,45.08791,2096.0,2096.0,17355,29390,29390,40.95,41.02,47300.0,47300.0,17206175744.0,34.87,48.46,0.25880954,43.0492,43.6436,7.5,0.18089725,USD,,,,,,False,ALFVY,2.6,,,
1,2,175.17,175.16,174.35,177.98,175.17,175.16,174.35,177.98,6.56,0.037100002,2025-01-15 01:00:00,2.1359,0.613,61.797207,14.570487,3318858.0,3318858.0,6392526,4277700,4277700,0.0,0.0,900.0,1000.0,312324325376.0,153.58,207.32,5.624121,180.0314,178.81384,6.2,0.035394188,USD,,,,,,False,ABBV,4.11,,,
1,2,163.32,163.55,162.69,166.87,163.32,163.55,162.69,166.87,2.0,0.012,2025-01-21 01:00:00,0.3141,0.896,31.263159,26.233438,1727301.0,1727301.0,2487681,2202040,2202040,0.0,0.0,800.0,1000.0,75037761536.0,144.8,200.53,8.199056,172.8102,176.0455,1.671,0.010231447,USD,,,,,,False,ZTS,0.69,,,
1,2,120.85,120.45,120.45,120.45,120.85,120.45,120.45,120.45,,,,,,,,0.0,0.0,11,25,25,120.55,121.5,0.0,0.0,,115.95,133.3,,128.142,124.847,,,EUR,,,,,,False,TGR.BE,,,,
1,2,43.17,42.91,42.8429,44.07,43.17,42.91,42.8429,44.07,,,,0.0,1.127,17.448414,9.295983,517364.0,517364.0,560315,356430,356430,0.0,0.0,800.0,900.0,1907229568.0,39.85,72.57,1.4573511,49.4478,51.66355,0.0,0.0,USD,,,,,,False,WNS,,,,
1,2,39.7,39.7,39.72,40.2578,39.7,39.7,39.72,40.2578,3.5,0.0876,2024-11-01 01:00:00,0.7417,2.818,10.219949,10.799999,1215750.0,1215750.0,1270881,886740,886740,0.0,0.0,900.0,1400.0,15206977536.0,27.49,42.8,4.3019204,38.6082,38.26945,3.2,0.08060453,USD,,,,,,False,WES,10.48,,,
1,2,331.73,331.73,331.81,340.43,331.73,331.73,331.81,340.43,0.84,0.0025,2024-11-13 01:00:00,0.1187,1.003,50.535717,45.159576,414730.0,414730.0,613043,411210,411210,0.0,0.0,800.0,800.0,24594647040.0,265.0,413.7,8.550496,324.6168,325.9061,0.8,0.0024115997,USD,,,,,,False,WST,0.24,,,
1,2,8225.0,8305.0,8120.0,8496.0,8225.0,8305.0,8120.0,8496.0,,,2024-12-13 01:00:00,0.5426,0.103,7.9884024,8.979513,74628.0,74628.0,0,0,0,8400.0,8300.0,400.0,9400.0,1130801790976.0,8120.0,12350.0,194.66376,12350.0,12350.0,0.0,0.0,RUB,,,,,,False,PLZL.ME,,,,
1,2,0.0,5.58,5.58,5.58,0.0,5.58,5.58,5.58,0.23,0.0431,2024-09-09 02:00:00,0.8997,,23.391304,,2000.0,2000.0,13970,18460,18460,5.35,5.39,40000.0,40000.0,2146399488.0,5.25,8.24,,5.6934,6.50075,0.0,NaN,USD,,,,,,False,EKTAY,2.66,,,
1,2,42.81,42.81,42.81,44.41,42.81,42.81,42.81,44.41,0.2,0.0047,2024-07-12 02:00:00,0.2326,0.293,51.5,43.42157,33775503.0,33775503.0,43325345,28903172,28903172,44.29,44.3,0.0,0.0,282525892608.0,35.51,57.53,10.868279,47.4646,45.0984,0.2,0.0046718055,CNY,,,,,,False,600276.SS,0.34,,,
1,2,1443.98,1444.95,1442.0,1478.68,1443.98,1444.95,1442.0,1478.68,47.76,0.033099998,2024-12-20 01:00:00,0.4691,0.753,22.361427,19.029465,3095657.0,3095657.0,3411698,3235359,3235359,1472.5,1472.65,0.0,0.0,1849754386432.0,1245.83,1910.0,11.196967,1528.8162,1540.6895,30.876,0.021382568,CNY,,,,,,False,600519.SS,1.31,,,
1,2,42.28,42.3,41.92,43.18,42.28,42.3,41.92,43.18,0.66,0.0156,2024-06-19 02:00:00,0.6,0.44,39.081818,34.11905,9196016.0,9196016.0,11861592,8898236,8898236,42.99,43.0,0.0,0.0,239050211328.0,33.02,52.99,9.086441,45.7992,39.57935,0.66,0.015610219,CNY,,,,,,False,603288.SS,1.14,,,
1,2,170.32,168.75,168.75,175.39,170.32,168.75,168.75,175.39,,,,0.0,1.574,22.270649,10.267721,577129.0,577129.0,421696,318010,318010,0.0,0.0,900.0,800.0,6972818944.0,165.51,244.04,2.626297,178.4034,192.69545,0.0,0.0,USD,,,,,,False,WEX,,,,
1,2,0.0,44.0,44.0,44.0,0.0,44.0,44.0,44.0,1.32,0.030299999,2024-09-03 02:00:00,0.8595,0.837,31.294964,,225.0,225.0,13,20,20,41.4,46.18,40000.0,41800.0,49566941184.0,36.65,46.45,1.1217031,44.0072,44.9384,1.98,Infinity,USD,,,,,,False,WFAFF,5.75,,,
1,2,53.35,0.0,0.0,0.0,53.35,0.0,0.0,0.0,0.4,0.0075,2024-12-23 01:00:00,0.5152,0.576,36.724136,31.69643,0.0,0.0,6435288,5509625,5509625,52.93,52.94,0.0,0.0,223832113152.0,0.0,59.83,6.2652526,54.6776,48.4863,0.606,0.011358951,BRL,,,,,,False,WEGE3.SA,0.78,,,
1,2,240.75,247.5,222.0,248.0,240.75,247.5,222.0,248.0,3.76,0.0156,2025-01-17 01:00:00,0.67910004,-0.085,43.506718,37.528145,294972.0,294972.0,102816,99880,99880,225.11,228.39,100.0,100.0,3070517248.0,211.03,292.36,5.199358,265.6038,249.23225,0.0,0.0,USD,,,,,,False,WDFC,1.4,,,
1,2,380.35,381.21,384.1,400.605,380.35,381.21,384.1,400.605,,,1996-11-26 01:00:00,0.0,0.973,38.155537,30.925753,463132.0,463132.0,494495,317890,317890,397.75,402.0,800.0,1000.0,23742760960.0,279.24,400.605,8.172654,373.9974,338.13495,0.0,0.0,USD,,,,,,False,WAT,,,,
1,2,174.8,174.0,173.6,176.769,174.8,174.0,173.6,176.769,1.26,0.0070999996,2024-11-07 01:00:00,0.3132,0.72,48.541206,32.599632,783691.0,783691.0,958821,882460,882460,0.0,0.0,800.0,900.0,45587787776.0,145.35,194.83,5.2430387,181.4006,176.44205,1.14,0.006521739,USD,,,,,,False,WCN,0.69,,,
1,2,28.04,27.53,27.5,28.1,28.04,27.53,27.5,28.1,0.58,0.0207,2024-12-09 01:00:00,0.6268,0.142,18.85135,15.942857,21964.0,21964.0,179325,113010,113010,27.91,27.98,40000.0,40000.0,48675176448.0,25.01,43.9,0.051965784,27.5228,32.80075,1.18,0.042082734,USD,,,,,,False,WMMVY,2.84,,,
1,2,93.0,92.12,91.1,92.43,93.0,92.12,91.1,92.43,0.83,0.0099,2024-12-12 01:00:00,0.4141,0.516,37.82231,33.650734,14090338.0,14090338.0,15830688,12643990,12643990,0.0,0.0,800.0,800.0,735296159744.0,53.44,96.18,1.1056503,89.5952,74.75215,0.0,0.0,USD,,,,,,False,WMT,1.52,,,
1,2,307.71,305.0,303.84,306.92,307.71,305.0,303.84,306.92,2.36,0.0077,2024-11-12 01:00:00,0.2138,0.952,31.543682,24.243288,4053562.0,4053562.0,6115175,4677590,4677590,0.0,0.0,1200.0,1000.0,594341396480.0,252.7,321.62,16.54349,309.9152,282.6417,2.15,0.0069870986,USD,,,,,,False,V,0.67,,,
1,2,268.63,267.4,266.655,275.71,268.63,267.4,266.655,275.71,1.56,0.0057,2024-12-13 01:00:00,0.233,0.862,42.576508,37.78738,841493.0,841493.0,685445,769550,769550,251.5,291.8,200.0,200.0,38899396608.0,217.34,296.58,13.777988,281.8364,264.4957,1.51,0.0056211143,USD,,,,,,False,VRSK,0.6,,,
1,2,37.47,35.98,35.98,36.54,37.47,35.98,35.98,36.54,0.68,0.0187,2024-05-16 02:00:00,0.9258,1.186,50.054794,,1960.0,1960.0,24973,33220,33220,36.17,36.52,47300.0,40000.0,10954546176.0,35.89,59.72,12.431805,39.47946,48.06896,6.25,0.1668001,USD,,,,,,False,VACNY,,,,
1,2,47.38,47.54,47.41,48.41,47.38,47.54,47.41,48.41,2.0,0.041300002,2024-12-31 01:00:00,0.6062,1.04,14.889231,11.17552,6523797.0,6523797.0,7818036,5820170,5820170,0.0,0.0,1100.0,800.0,75489845248.0,37.81,53.98,3.0320861,50.0864,44.7343,1.97,0.041578725,USD,,,,,,False,USB,4.13,,,
1,2,123.28,123.34,121.56,125.1676,123.28,123.34,121.56,125.1676,6.52,0.052199997,2024-11-18 01:00:00,0.9834,0.982,18.855204,14.189557,5219730.0,5219730.0,4203531,3735170,3735170,0.0,0.0,1000.0,800.0,106679787520.0,121.56,161.35,1.1763645,129.967,135.1618,6.51,0.052806623,USD,,,,,,False,UPS,3.32,,,
1,2,225.21,223.73,222.86,226.99,225.21,223.73,222.86,226.99,5.36,0.023599999,2024-12-09 01:00:00,0.4816,1.056,20.841911,18.725021,1670871.0,1670871.0,2621456,2141930,2141930,0.0,0.0,1200.0,800.0,137474834432.0,218.55,258.66,5.660196,234.5418,237.72514,5.24,0.02326717,USD,,,,,,False,UNP,2.15,,,
1,2,55.13,54.88,54.758,55.16,55.13,54.88,54.758,55.16,1.9,0.0346,2024-11-08 01:00:00,0.64169997,0.235,20.381481,15.7228565,1850759.0,1850759.0,2219756,2063800,2063800,0.0,0.0,800.0,1800.0,137907929088.0,46.46,65.87,2.2872958,58.4536,57.8439,1.709,0.030999456,USD,,,,,,False,UL,3.53,,,
1,4,3.92,4.01,3.87,4.02,3.92,4.01,3.87,4.02,0.05,0.0128,2024-06-28 02:00:00,0.30110002,0.032,26.066666,,120592.0,120592.0,654293,721254,721254,3.91,3.93,40000.0,40000.0,13756357632.0,3.541667,6.266667,0.014088697,4.3598332,5.206875,42.0,10.714286,USD,,,,,,False,UNICY,0.78,,,
1,2,0.0,9.0,9.0,9.0,0.0,9.0,9.0,9.0,0.4,0.0458,2024-12-30 01:00:00,5.8490996,0.634,124.00001,78.909096,100.0,100.0,2081,400,400,7.88,8.88,47300.0,45900.0,26942980096.0,7.83,9.89,6.541146,8.548,8.5917,0.62,Infinity,USD,,,,,,False,TRAUF,3.62,,,
1,2,86.74,86.15,86.205,88.4,86.74,86.15,86.205,88.4,0.42,0.0047999998,2024-11-22 01:00:00,0.3684,1.624,77.44737,19.361843,1169994.0,1169994.0,1533098,1164520,1164520,0.0,0.0,900.0,800.0,17207721984.0,66.07,113.17,4.195675,98.0988,88.6649,0.105,0.0012105142,USD,,,,,,False,TRU,0.46,,,
1,2,1262.11,1253.09,1252.95,1280.47,1262.11,1253.09,1252.95,1280.47,,,2024-10-04 02:00:00,0.0,1.423,49.998436,29.403402,186688.0,186688.0,285396,239390,239390,0.0,0.0,800.0,800.0,71888314368.0,1017.8,1451.32,9.053945,1284.6826,1297.947,0.0,0.0,USD,,,,,,False,TDG,,,,
1,2,10.27,10.2,10.19,10.39,10.27,10.2,10.19,10.39,0.94,0.0908,2024-12-23 01:00:00,0.47959998,0.888,5.2806125,5.6868134,3322733.0,3322733.0,4771873,4088860,4088860,0.0,0.0,3200.0,900.0,3496240384.0,10.19,14.19,0.8316857,10.771,12.01745,0.94,0.09152872,USD,,,,,,False,WU,5.94,,,
1,2,77.4,77.0,76.95,80.205,77.4,77.0,76.95,80.205,1.52,0.0178,2024-12-23 01:00:00,0.3727,0.694,19.992517,17.46623,876078.0,876078.0,734113,720190,720190,0.0,0.0,800.0,800.0,8111921152.0,76.95,100.93,1.8062618,83.332,87.1095,0.0,0.0,USD,,,,,,False,TTC,1.29,,,
1,2,389.89,389.99,387.7,395.86,389.89,389.99,387.7,395.86,9.0,0.0231,2024-11-27 01:00:00,0.6001,1.011,26.456831,24.947435,2843036.0,2843036.0,3272846,2625270,2625270,0.0,0.0,1100.0,1100.0,386596995072.0,323.77,439.37,2.5006921,405.6322,372.2892,2.25,0.0057708584,USD,,,,,,False,HD,2.3,,,
1,2,158.2,159.17,156.91,159.51,158.2,159.17,156.91,159.51,5.48,0.0348,2024-11-18 01:00:00,0.6094,0.374,18.078161,18.72381,2217408.0,2217408.0,2178853,1504900,1504900,0.0,0.0,800.0,1200.0,31826395136.0,156.1,211.92,2.900736,174.8574,188.3882,5.302,0.03351454,USD,,,,,,False,HSY,2.08,,,
1,2,190.15,189.83,187.65,191.755,190.15,189.83,187.65,191.755,5.44,0.028499998,2024-10-31 01:00:00,0.96650004,0.98,35.45269,32.4983,4749342.0,4749342.0,5683723,4263390,4263390,190.95,191.21,500.0,600.0,174315552768.0,155.46,220.39,11.095128,197.8686,194.7598,5.2,0.02734683,USD,,,,,,False,TXN,2.64,,,
1,2,46.89,46.89,46.78,47.12,46.89,46.89,46.78,47.12,0.43,0.0092,2024-05-17 02:00:00,0.1936,,21.635944,12.387863,729731.0,729731.0,2535591,4856300,4856300,46.96,46.97,40000.0,40000.0,428030918656.0,33.0,62.57,,52.2916,49.07615,0.0,0.0,USD,,,,,,False,TCEHY,0.5,,,
1,2,74.65,73.48,73.48,75.75,74.65,73.48,73.48,75.75,1.32,0.0177,2024-05-10 02:00:00,0.71819997,0.91,40.619564,,3739.0,3739.0,8946,5550,5550,74.65,75.45,41800.0,40000.0,5454248960.0,55.28,103.63,5.330668,69.00826,68.67124,0.0,0.0,USD,,,,,,False,TMSNY,1.11,,,
1,2,10.07,10.18,10.08,10.18,10.07,10.18,10.08,10.18,0.26,0.025799999,2024-05-20 02:00:00,0.6667,1.485,25.948719,20.65306,3571.0,3571.0,241195,142285,142285,10.11,10.13,0.0,0.0,2047539072.0,8.405,10.82,2.4370098,10.3498,9.574325,0.26,0.025819264,EUR,,,,,,False,TGYM.MI,,,,
1,2,108.55,107.74,107.63,110.99,108.55,107.74,107.63,110.99,4.96,0.0448,2024-12-13 01:00:00,0.5411,1.423,12.117195,11.832085,2096985.0,2096985.0,1362818,1068850,1068850,110.52,116.11,300.0,100.0,24577449984.0,100.49,125.81,3.5562284,117.781,113.6015,4.94,0.04550898,USD,,,,,,False,TROW,3.43,,,
1,2,185.64,,,,185.64,,,,,,,,,4.3246784,,,,0,0,0,,,,,,150.55,211.5,,197.2984,185.17136,1.96,0.01055807,USD,,,,,,False,TRBCX,,0.0,0.3562991,64154595328.0
1,2,492.54,489.08,485.21,493.395,492.54,489.08,485.21,493.395,,,,0.0,1.076,52.638226,32.779423,875984.0,875984.0,1068870,872020,872020,486.62,488.19,100.0,100.0,75345952768.0,457.52,629.38,11.621296,524.8312,540.5426,0.0,0.0,USD,,,,,,False,SNPS,,,,
1,2,25.47,25.29,25.29,25.47,25.47,25.29,25.29,25.47,0.3,0.0117,2024-05-16 02:00:00,0.39080003,0.53,35.388885,,11559.0,11559.0,84066,110810,110810,25.42,25.44,21500.0,313300.0,14245562368.0,24.92,34.58,2.9181042,27.3796,29.73755,1.1,0.043188065,USD,,,,,,False,SYIEY,0.96,,,
1,2,365.66,363.65,360.78,367.85,365.66,363.65,360.78,367.85,3.36,0.0093,2024-12-31 01:00:00,0.343,0.92,38.77336,26.679972,1167409.0,1167409.0,1268285,1089420,1089420,0.0,0.0,800.0,800.0,137611362304.0,307.23,398.2,6.262463,374.6656,351.8966,3.2,0.008751299,USD,,,,,,False,SYK,1.04,,,
1,2,0.0,139.57,139.57,139.57,0.0,139.57,139.57,139.57,0.93,0.0074,2024-04-16 02:00:00,0.4722,1.252,64.40102,,30.0,30.0,626,650,650,123.13,132.95,41800.0,21500.0,20284991488.0,115.11,175.1,7.9824996,127.5044,135.83784,0.85,Infinity,USD,,,,,,False,SAUHF,0.86,,,
1,2,92.25,92.265,91.375,93.59,92.25,92.265,91.375,93.59,2.44,0.026099999,2025-02-14 01:00:00,0.6888,0.962,28.250757,25.137096,6902424.0,6902424.0,8095188,7016930,7016930,93.4,93.62,500.0,400.0,106021634048.0,71.55,103.32,2.9307013,96.4544,88.21035,2.32,0.025149051,USD,,,,,,False,SBUX,2.07,,,
1,4,0.0,,,,0.0,,,,,,,,,,,,,0,0,0,,,,,,2.108,2.108,,2.108,2.108,,,GBp,,,,,,False,F000003W8R.L,,0.0,0.0871,3629689344.0
1,2,0.0,97.1,97.1,97.1,0.0,97.1,97.1,97.1,2.05,0.0255,2024-10-17 02:00:00,0.6149,0.719,25.334383,21.24603,100.0,100.0,71,130,130,76.76,81.13,43500.0,40000.0,5913714688.0,80.31,138.8,3.5650558,86.3828,102.3463,1.615,Infinity,USD,,,,,,False,SPXSF,,,,
1,2,94.61,93.72,93.66,95.2699,94.61,93.72,93.66,95.2699,2.8,0.0296,2024-11-06 01:00:00,0.6159,1.188,24.738903,19.698545,799015.0,799015.0,875988,810800,810800,0.0,0.0,900.0,800.0,74891345920.0,76.29843,128.37404,6.842767,100.47933,106.922295,2.37,0.025050204,USD,,,,,,False,SCCO,4.37,,,
1,2,65.42,65.27,65.27,65.42,65.42,65.27,65.27,65.42,0.96,0.0147,2024-06-14 02:00:00,0.4573,,31.747574,24.044119,8217.0,8217.0,31240,14040,14040,65.31,65.4,28000.0,42300.0,19488350208.0,54.18,77.56,,68.6312,65.29465,0.0,0.0,USD,,,,,,False,SONVY,1.49,,,
1,2,20.825,20.785,20.5752,21.25,20.825,20.785,20.5752,21.25,1.08,0.0517,2024-11-05 01:00:00,0.3152,1.05,,6.8078175,4733886.0,4733886.0,6002000,5347990,5347990,20.85,20.93,800.0,800.0,7089321472.0,20.47,55.4,0.8056963,25.131,28.75485,1.064,0.051092435,USD,,,,,,False,SIRI,1.74,,,
1,2,17.6,17.6,17.6,17.6,17.6,17.6,17.6,17.6,0.52,0.0297,2024-11-12 01:00:00,0.6239,0.147,22.26329,,700.0,700.0,23159,10820,10820,17.57,17.68,40000.0,40000.0,9462625280.0,13.076,20.41,7.682729,18.110111,15.909204,0.345,0.019602273,USD,,,,,,False,SPXCY,3.33,,,
1,2,0.0,250.0,250.0,250.0,0.0,250.0,250.0,250.0,3.63,0.0149,2024-03-28 01:00:00,0.4314,0.862,29.161674,,10.0,10.0,1131,2110,2110,229.5,243.5,1000.0,2900.0,39064948736.0,227.26,341.06,3.337658,255.5528,287.42465,0.0,NaN,USD,,,,,,False,SKFOF,1.12,,,
1,2,25.96,25.88,25.83,25.96,25.96,25.88,25.83,25.96,0.49,0.0187,2025-02-20 01:00:00,0.5452,0.726,29.179775,18.288733,13343.0,13343.0,91656,84230,84230,25.87,25.96,40000.0,40000.0,59331063808.0,25.54,31.73,2.6530905,26.90478,28.104105,0.95,0.036594763,USD,,,,,,False,SMMNY,1.77,,,
1,2,16.29,16.3,16.1,16.33,16.29,16.3,16.1,16.33,0.42,0.0256,2024-06-28 02:00:00,12.3619995,0.502,545.0,5.923913,16605.0,16605.0,129376,100990,100990,16.28,16.33,40000.0,40000.0,6538921472.0,16.0,33.88,0.0067177825,18.4398,24.97765,60.0,3.6832411,USD,,,,,,False,SSDOY,1.17,,,
1,2,7.15,7.06,7.06,7.2,7.15,7.06,7.06,7.2,0.18,0.0256,2024-09-30 02:00:00,0.2915,0.295,12.293104,2.8866396,112610.0,112610.0,248943,236480,236480,7.11,7.13,40700.0,40000.0,12137899008.0,6.22,9.113333,0.02736732,6.9816,7.226405,56.667,7.9254546,USD,,,,,,False,SGIOY,1.95,,,
1,2,7.46,7.46,7.46,7.46,7.46,7.46,7.46,7.46,,,,,1.062,19.227499,,100.0,100.0,43783,17000,17000,7.46,7.79,40000.0,42300.0,11710470144.0,6.973,11.148,0.4438508,7.6549,8.684695,2.121,0.28431636,USD,,,,,,False,SHZHY,,,,
1,2,10.07,10.0,10.0,10.07,10.07,10.0,10.0,10.07,0.35,0.0346,2024-04-02 02:00:00,1.1119,0.616,32.51613,22.4,11457.0,11457.0,93933,130090,130090,10.04,10.06,40000.0,28000.0,19092125696.0,8.32,11.54,2.861101,10.0294,9.96135,3.2,0.31777558,USD,,,,,,False,SGSOY,3.4,,,
1,2,1024.57,1011.13,999.13,1020.15,1024.57,1011.13,999.13,1020.15,,,,0.0,0.986,158.70937,60.82275,1710282.0,1710282.0,1245780,991990,991990,0.0,0.0,900.0,800.0,209564418048.0,637.99,1157.9,20.02718,1054.4915,861.44214,0.0,0.0,USD,,,,,,False,NOW,,,,
1,2,79.0,78.26,77.57,79.139,79.0,78.26,77.57,79.139,0.98,0.0124,2024-12-27 01:00:00,0.2217,0.974,19.040962,16.192621,473159.0,473159.0,724100,576800,576800,78.93,79.09,100.0,100.0,10186388480.0,62.34,87.25,4.9621468,81.53,71.1435,0.92,0.0116455695,USD,,,,,,False,SEIC,1.33,,,
1,2,50.98,50.42,50.33,51.01,50.98,50.42,50.33,51.01,0.76,0.0148,2024-05-29 02:00:00,0.48490003,0.951,34.459457,34.0,21353.0,21353.0,216935,207720,207720,50.87,50.95,40000.0,40000.0,144725245952.0,37.82,55.0,3.9713857,51.0508,49.49295,3.5,0.06865437,USD,,,,,,False,SBGSY,2.0,,,
1,2,0.0,179.0,179.0,179.0,0.0,179.0,179.0,179.0,0.75,0.0037,2024-04-02 02:00:00,0.4107,0.666,117.98245,,50.0,50.0,413,0,0,201.05,210.7,1000.0,1100.0,20097972224.0,158.0,299.86,7.3470926,191.9112,202.45454,0.0,NaN,USD,,,,,,False,SDMHF,0.5,,,
1,2,251.53,247.88,247.42,249.66,251.53,247.88,247.42,249.66,2.39,0.0095999995,2024-05-16 02:00:00,0.9492,0.874,105.28693,36.967407,807835.0,807835.0,925023,927020,927020,0.0,0.0,800.0,800.0,295301283840.0,155.82,256.13,8.87697,242.658,214.02435,2.2,0.008746472,USD,,,,,,False,SAP,1.55,,,
1,4,0.0,2.8,2.8,2.8,0.0,2.8,2.8,2.8,,,2020-02-04 01:00:00,0.0,0.983,19.607693,,1000.0,1000.0,391,150,150,2.27,3.05,40000.0,40000.0,20630026240.0,1.71,3.13,2.8692665,2.68839,2.3600235,0.0,NaN,USD,,,,,,False,SCHYF,5.3,,,
1,2,56.65,55.32,55.32,56.655,56.65,55.32,55.32,56.655,0.6,0.0105,2024-05-29 02:00:00,0.56200004,1.309,56.73,24.038136,37928.0,37928.0,108971,123510,123510,56.71,56.73,40000.0,28000.0,94583095296.0,45.06,60.57,3.6749852,56.567,55.8285,2.2,0.03883495,USD,,,,,,False,SAFRY,1.78,,,
1,2,482.72,479.95,478.6,483.2,482.72,479.95,478.6,483.2,3.64,0.0075,2024-11-26 01:00:00,0.3204,1.183,42.556435,28.708508,959097.0,959097.0,1259175,1052200,1052200,0.0,0.0,900.0,800.0,149747679232.0,407.69,533.29,10.876502,502.9574,477.00586,3.63,0.0075198873,USD,,,,,,False,SPGI,0.82,,,
1,2,118.42,118.04,117.8,118.94,118.42,118.04,117.8,118.94,4.06,0.0326,2024-10-24 02:00:00,0.4898,0.842,15.226922,12.812297,1753977.0,1753977.0,1084395,630500,630500,0.0,0.0,800.0,800.0,168000159744.0,93.97,128.05,2.9730332,123.0006,113.7524,0.0,0.0,USD,,,,,,False,RY,3.9,,,
1,4,0.0,4.35,4.35,4.35,0.0,4.35,4.35,4.35,0.1,0.0247,2024-08-15 02:00:00,0.518,0.994,22.794117,,1000.0,1000.0,850,1390,1390,3.75,4.0,312300.0,305200.0,3275746816.0,3.615,4.73,4.3917117,3.88776,4.109885,0.074,Infinity,USD,,,,,,False,RTOXF,2.17,,,
1,2,46.09,46.0,45.81,46.615,46.09,46.0,45.81,46.615,0.66,0.014199999,2024-11-12 01:00:00,0.6186,0.701,47.917522,41.5,849707.0,849707.0,1651705,1440860,1440860,0.0,0.0,800.0,1800.0,22510495744.0,40.41,52.16,6.79947,48.4972,48.0883,0.6,0.013018008,USD,,,,,,False,ROL,1.05,,,
1,2,273.4,270.0,269.535,276.27,273.4,270.0,269.535,276.27,5.24,0.019,2024-11-18 01:00:00,0.6039,1.359,33.23643,24.169298,495075.0,495075.0,875743,523870,523870,0.0,0.0,800.0,800.0,31143983104.0,242.81,307.71,3.7685418,285.8472,272.6887,5.0,0.018288223,USD,,,,,,False,ROK,1.72,,,
1,2,15.47,15.39,15.39,15.47,15.47,15.39,15.39,15.47,0.19,0.0125,2024-09-27 02:00:00,0.378,1.031,25.65,20.52,712.0,712.0,41668,35460,35460,15.34,15.43,40000.0,40000.0,6220977152.0,12.58,19.2,16.502316,16.1826,15.16885,0.094,0.0060762763,USD,,,,,,False,RTMVY,,,,
1,2,233.82,231.52,227.26,231.55,233.82,231.52,227.26,231.55,2.12,0.0092,2024-11-07 01:00:00,0.2613,0.687,30.579016,22.377064,462590.0,462590.0,906088,639660,639660,0.0,0.0,800.0,800.0,33801246720.0,168.29,260.49,7.0309625,240.4112,222.41995,1.97,0.008425284,USD,,,,,,False,RMD,0.83,,,
1,2,206.29,205.78,203.91,207.25,206.29,205.78,203.91,207.25,2.32,0.0112,2025-01-02 01:00:00,0.3496,0.707,33.102234,30.428782,677395.0,677395.0,961443,867530,867530,0.0,0.0,900.0,800.0,64891359232.0,165.06,220.58,4.102478,208.2406,199.04765,2.185,0.010591885,USD,,,,,,False,RSG,1.44,,,
1,2,46.37,45.43,45.39,45.9339,46.37,45.43,45.39,45.9339,0.77,0.0167,2024-08-02 02:00:00,0.5833,0.478,37.62295,27.650604,447027.0,447027.0,675405,432840,432840,0.0,0.0,1100.0,800.0,86940106752.0,40.25,48.91,9.345384,46.5598,45.5149,0.6,0.012939401,USD,,,,,,False,RELX,2.13,,,
1,2,1239.85,1244.1,1227.25,1253.35,1239.85,1244.1,1227.25,1253.35,5.0,0.004,2024-08-19 02:00:00,0.0996,0.635,24.663414,17.235212,10383792.0,10383792.0,14479250,12221919,12221919,1237.55,1237.6,0.0,0.0,16757846704128.0,1201.5,1608.8,1.8117806,1262.075,1412.9288,10.0,0.008065492,INR,,,,,,False,RELIANCE.NS,0.44,,,
1,2,0.0,66.96,66.96,67.1,0.0,66.96,66.96,67.1,0.15,0.0022,2025-03-28 01:00:00,0.1014,1.211,48.258503,,200.0,200.0,1770,3580,3580,66.21,70.84,40000.0,45900.0,105196216320.0,37.71,79.28,0.029976768,68.0897,57.270355,23.5,Infinity,USD,,,,,,False,RCRRF,0.48,,,
1,2,52.6,52.75,52.55,52.85,52.6,52.75,52.55,52.85,1.2,0.0228,2024-11-18 01:00:00,0.59319997,0.398,25.91133,18.98917,22832.0,22832.0,262148,207588,207588,52.55,52.6,0.0,0.0,11005287424.0,47.28,54.8,4.849772,51.364,50.7341,1.23,0.02338403,EUR,,,,,,False,REC.MI,2.41,,,
1,2,235.9,240.57,235.98,240.57,235.9,240.57,235.98,240.57,2.04,0.0086,2024-08-29 02:00:00,0.742,1.011,103.22271,46.623272,82502.0,82502.0,120035,71485,71485,235.9,239.0,0.0,0.0,31229816832.0,172.485,257.445,18.62243,241.752,209.6303,1.89,0.008011869,AUD,,,,,,False,REA.AX,1.01,,,
1,4,0.0,0.09,0.09,0.09,0.0,0.09,0.09,0.09,0.01,0.073,2024-12-05 01:00:00,1.4736999,0.166,10.0,,10000.0,10000.0,3270,11200,11200,0.0955,0.1142,0.0,0.0,4024150016.0,0.08,0.22,0.00011328295,0.11236,0.147875,77.0,Infinity,USD,,,,,,False,UNLRF,3.96,,,
1,2,0.0,178.26,178.26,178.26,0.0,178.26,178.26,178.26,5.75,0.032899998,2024-11-07 01:00:00,0.1351,0.706,9.300585,,1.0,1.0,96,90,90,171.92,179.16,2200.0,1000.0,3218696960.0,165.85,237.1,0.18075114,178.4938,191.5091,2.66,Infinity,USD,,,,,,False,PUODY,,,,
1,2,158.56,159.35,158.41,160.09,158.56,159.35,158.41,160.09,4.03,0.0253,2024-10-18 02:00:00,0.6714,0.414,27.386206,21.407007,4997969.0,4997969.0,6758228,5762250,5762250,0.0,0.0,900.0,1000.0,374074540032.0,146.28,180.43,4.45831,169.3416,167.61685,3.894,0.024558527,USD,,,,,,False,PG,2.41,,,
1,2,13.98,13.98,13.98,13.98,13.98,13.98,13.98,13.98,,,2024-09-20 02:00:00,0.90519994,0.509,36.780487,,1.0,1.0,0,0,0,12.67,15.0,40000.0,40000.0,2564610560.0,13.98,15.08,6.1446195,15.08,15.08,0.147,0.010515022,USD,,,,,,False,PTAUY,,,,
1,2,326.4,325.39,325.39,334.995,326.4,325.39,325.39,334.995,4.8,0.014400001,2024-11-13 01:00:00,0.3948,1.008,28.731098,27.799667,533282.0,533282.0,345356,372620,372620,333.79,335.34,100.0,100.0,12726900736.0,293.51,422.73,2.3893445,359.6218,357.40244,4.6,0.014093137,USD,,,,,,False,POOL,0.95,,,
1,2,54.19,54.07,53.38,55.56,54.19,54.07,53.38,55.56,2.64,0.0475,2024-12-02 01:00:00,0.7367,1.522,15.563025,14.582678,1388376.0,1388376.0,884148,891470,891470,0.0,0.0,900.0,800.0,3098597888.0,52.77,100.91,0.39709324,64.3058,78.1191,2.63,0.048532944,USD,,,,,,False,PII,2.61,,,
1,2,18.88,19.09,18.87,19.1931,18.88,19.09,18.87,19.1931,1.52,0.08,2025-01-31 01:00:00,1.0796,1.585,16.82301,13.676259,3048001.0,3048001.0,3538570,4187310,4187310,18.98,19.05,1600.0,1300.0,13376747520.0,15.03,19.31,0.26557502,17.4788,17.5942,1.27,0.06726695,USD,,,,,,False,PAA,8.58,,,
1,2,142.64,142.79,142.14,145.14,142.64,142.79,142.14,145.14,5.42,0.0375,2024-12-06 01:00:00,0.7729,0.542,21.312683,16.743916,8099403.0,8099403.0,6016335,6304000,6304000,144.35,144.61,700.0,700.0,198252560384.0,141.51,183.41,2.1567945,158.3788,168.7815,5.24,0.036735836,USD,,,,,,False,PEP,2.78,,,
1,2,139.06,138.73,138.33,140.97,139.06,138.73,138.33,140.97,3.92,0.028900001,2024-11-07 01:00:00,0.7974,0.987,29.585262,26.565218,1411370.0,1411370.0,1805638,1907930,1907930,140.43,140.69,600.0,600.0,50599653376.0,114.72,150.71,9.52769,142.2274,130.54926,0.0,0.0,USD,,,,,,False,PAYX,2.72,,,
1,2,0.0,1376.52,1376.52,1376.52,0.0,1376.52,1376.52,1376.52,42.7,0.0307,2024-05-24 02:00:00,1.0583,1.285,34.605713,,1.0,1.0,131,350,350,1368.3,1424.53,1800.0,3100.0,36475346944.0,1239.3,1562.52,19.540014,1409.6116,1384.1377,39.0,Infinity,USD,,,,,,False,PGPHF,2.91,,,
1,2,20.94,20.91,20.88,20.96,20.94,20.91,20.88,20.96,0.1,0.0046,2024-09-30 02:00:00,0.21040002,,48.813953,,24463.0,24463.0,109118,103600,103600,20.89,20.94,40000.0,40000.0,34452566016.0,20.67,39.35,0.054562766,22.79604,26.622074,15.0,0.7163324,USD,,,,,,False,OLCLY,0.22,,,
1,2,154.5,153.74,152.42,154.15,154.5,153.74,152.42,154.15,1.6,0.0083,2024-10-10 02:00:00,0.4124,1.013,37.63325,21.497208,6243939.0,6243939.0,7701368,6498450,6498450,0.0,0.0,1000.0,800.0,430508081152.0,105.42,198.31,7.9997783,177.6472,149.0878,0.0,0.0,USD,,,,,,False,ORCL,1.48,,,
1,2,54.9,54.48,54.45,54.99,54.9,54.48,54.45,54.99,0.58,0.0106,2024-09-09 02:00:00,0.8896,0.539,57.239586,25.558138,6689.0,6689.0,16471,26020,26020,54.88,55.0,40000.0,40000.0,25561147392.0,49.99,72.5,8.395307,58.4484,61.7118,1.1,0.02003643,USD,,,,,,False,NVZMY,1.48,,,
1,2,99.08,98.56,98.46,99.27,99.08,98.56,98.46,99.27,3.74,0.0377,2024-03-07 01:00:00,0.65260005,0.505,17.324606,11.789785,1467207.0,1467207.0,1176790,1160290,1160290,0.0,0.0,800.0,800.0,198467534848.0,92.35,120.92,3.9741197,102.3014,106.4463,3.919,0.039553896,USD,,,,,,False,NVS,3.63,,,
1,2,458.69,458.69,458.825,477.39,458.69,458.69,458.825,477.39,8.24,0.0174,2024-12-02 01:00:00,0.48459998,0.346,29.159258,16.83464,823850.0,823850.0,760741,611980,611980,450.1,0.0,800.0,800.0,68823408640.0,418.6,555.57,1.679234,487.4216,482.4497,7.86,0.017135756,USD,,,,,,False,NOC,1.59,,,
1,2,99.46,98.75,98.42,100.45,99.46,98.75,98.42,100.45,3.0,0.0299,2024-12-06 01:00:00,0.3736,1.073,12.493151,13.13089,1065303.0,1065303.0,1260340,918970,918970,100.29,100.41,200.0,200.0,19885230080.0,76.67,111.87,2.5307002,105.3674,91.5294,3.0,0.03016288,USD,,,,,,False,NTRS,3.16,,,
1,2,233.94,233.88,233.38,238.0,233.94,233.88,233.38,238.0,5.4,0.0228,2024-11-01 01:00:00,0.5066,1.302,22.266417,17.478645,712209.0,712209.0,1193448,851370,851370,98.47,370.4,800.0,800.0,53700325376.0,206.71,277.6,4.4117913,253.6818,242.01375,5.4,0.023082841,USD,,,,,,False,NSC,1.99,,,
1,2,200.12,199.15,199.005,204.06,200.12,199.15,199.005,204.06,3.12,0.0125,2024-08-27 02:00:00,0.3477,0.907,25.133171,19.580212,397962.0,397962.0,311698,347470,347470,203.36,204.15,100.0,100.0,11621571584.0,196.83,279.38,4.3612204,239.1456,246.92896,0.0,0.0,USD,,,,,,False,NDSN,0.93,,,
1,2,71.2,71.17,70.78,72.6,71.2,71.17,70.78,72.6,1.6,0.0208,2024-12-02 01:00:00,0.466,1.035,22.246914,22.31579,14550203.0,14550203.0,11368163,10505890,10505890,0.0,0.0,800.0,800.0,106615693312.0,70.75,107.43,2.1318023,76.445,83.07875,0.0,0.0,USD,,,,,,False,NKE,1.1,,,
1,2,204000.0,204000.0,202000.0,205500.0,204000.0,204000.0,202000.0,205500.0,1205.0,0.0062,2023-12-27 01:00:00,0.072,0.987,,,488675.0,488675.0,922217,637236,637236,203000.0,203500.0,0.0,0.0,30579768688640.0,151100.0,235500.0,3.0220633,197614.0,179480.0,,,KRW,,,,,,False,035420.KS,0.33,,,
1,2,37.39,37.24,37.06,37.49,37.39,37.24,37.06,37.49,0.14,0.0036000002,2024-12-06 01:00:00,0.0248,,10.203804,8.814553,8960.0,8960.0,48943,114100,114100,37.43,37.51,40000.0,28000.0,31238408192.0,29.66,51.46,,46.0952,42.06055,0.0,0.0,USD,,,,,,False,NPSNY,0.23,,,
1,2,2716.0,2673.0,2616.0,2686.0,2716.0,2673.0,2616.0,2686.0,80.0,0.0295,2024-12-27 01:00:00,1.3884,0.7,45.953453,24.527252,489900.0,489900.0,460530,470300,470300,2640.0,2648.0,0.0,0.0,317848092672.0,2121.0,2977.5,0.99365723,2567.15,2578.26,80.0,0.02945508,JPY,,,,,,False,6268.T,2.41,,,
1,2,575.73,574.0,570.25,581.67,575.73,574.0,570.25,581.67,6.4,0.011,2024-11-15 01:00:00,0.406,1.11,38.166996,34.068073,334678.0,334678.0,463501,335280,335280,572.68,0.0,800.0,3100.0,45496107008.0,439.95,642.45,16.232811,600.2348,547.9824,6.18,0.010734199,USD,,,,,,False,MSCI,0.88,,,
1,2,452.81,450.58,450.48,458.22,452.81,450.58,450.48,458.22,3.4,0.0074,2024-11-22 01:00:00,0.3035,1.289,41.85375,34.375378,480986.0,480986.0,639713,500120,500120,0.0,0.0,800.0,800.0,82982051840.0,360.05,503.95,12.0333605,477.9286,446.2929,3.32,0.0073319934,USD,,,,,,False,MCO,0.81,,,
1,2,591.23,578.47,576.42,591.39,591.23,578.47,576.42,591.39,5.0,0.0085,2024-12-31 01:00:00,0.5355,1.148,66.21758,34.188007,854055.0,854055.0,975768,586670,586670,585.88,588.8,200.0,200.0,28650932224.0,546.71,959.64,14.048383,635.7554,763.81775,4.75,0.008034099,USD,,,,,,False,MPWR,0.65,,,
1,2,99.25,99.46,98.99,101.159,99.25,99.46,98.99,101.159,3.24,0.0321,2024-12-16 01:00:00,0.6444,0.411,21.125523,10.742554,5666379.0,5666379.0,11185933,7758960,7758960,0.0,0.0,1000.0,900.0,255443042304.0,94.48,134.63,4.0434837,100.3876,116.52035,3.04,0.030629722,USD,,,,,,False,MRK,2.91,,,
1,2,1758.77,1740.0,1730.74,1749.02,1758.77,1740.0,1730.74,1749.02,,,2017-12-28 01:00:00,0.0,1.612,61.724014,35.965275,298559.0,298559.0,441883,309280,309280,1734.12,1745.06,100.0,100.0,88213479424.0,1324.99,2161.73,4.770101,1890.126,1799.0214,0.0,0.0,USD,,,,,,False,MELI,0.34,,,
1,2,282.31,282.94,280.35,284.5,282.31,282.94,280.35,284.5,7.08,0.025,2024-12-02 01:00:00,0.5865,0.735,24.879826,22.492468,2135066.0,2135066.0,3642821,2518820,2518820,0.0,0.0,1000.0,900.0,203254939648.0,243.53,317.9,7.8359723,294.1228,280.0917,6.68,0.023661932,USD,,,,,,False,MCD,2.25,,,
1,2,71.39,71.4,70.05,71.54,71.39,71.4,70.05,71.54,1.8,0.0253,2024-12-30 01:00:00,0.56119996,0.764,24.23129,22.833334,3292792.0,3292792.0,1685063,1560890,1560890,0.0,71.73,900.0,1300.0,19121954816.0,63.88,85.49,2.8632112,77.4494,76.3905,1.65,0.023112481,USD,,,,,,False,MKC,1.74,,,
1,2,215.46,214.23,210.77,217.42,215.46,214.23,210.77,217.42,2.96,0.0136,2024-11-20 01:00:00,0.3978,1.053,29.30946,26.353586,375304.0,375304.0,402121,358450,358450,216.64,217.45,100.0,100.0,8177707520.0,192.42,296.68,10.0718,251.2154,234.08455,2.94,0.013645224,USD,,,,,,False,MKTX,0.87,,,
1,2,265.38,262.26,262.07,266.24,265.38,262.26,262.07,266.24,,,,0.0,1.517,75.80857,53.819473,269848.0,269848.0,408875,310770,310770,264.62,266.09,100.0,100.0,16205108224.0,205.12,312.6,15.812855,281.8528,255.85,0.0,0.0,USD,,,,,,False,MANH,,,,
1,2,136.05,136.05,136.05,137.75,136.05,136.05,136.05,137.75,4.71,0.040700004,2023-11-13 01:00:00,0.6834,1.119,21.714882,19.346966,457.0,457.0,285,50,50,144.1,159.25,21500.0,39400.0,61455577088.0,115.75,156.13,3.3345404,147.8648,138.4849,7.05,0.051819183,USD,,,,,,False,MCQEF,3.61,,,
1,2,644.75,657.8,656.0,661.3,644.75,657.8,656.0,661.3,12.0,0.018,2023-04-25 02:00:00,0.3754,1.01948,20.635565,,1965.0,1965.0,198608,96843,96843,652.2,665.5,0.0,0.0,360148041728.0,27.2,890.0,4.252294,614.637,676.97577,12.5,0.019387359,EUR,,,,,,False,0HAU.IL,1.47,,,
1,2,247.9,248.08,246.74,251.155,247.9,248.08,246.74,251.155,4.6,0.016900001,2025-01-22 01:00:00,0.3675,1.098,20.704412,19.688044,1920240.0,1920240.0,2358138,1994680,1994680,0.0,262.4,900.0,1000.0,140405866496.0,209.55,287.01,1.6710409,261.8576,246.05286,0.0,0.0,USD,,,,,,False,LOW,1.68,,,
1,2,36.06,35.62,35.59,35.91,36.06,35.62,35.59,35.91,0.39,0.0108,2024-08-16 02:00:00,0.9107,0.405,93.97369,27.898438,69235.0,69235.0,354211,421210,421210,35.68,35.77,40000.0,40000.0,76138004480.0,27.21,37.52,8.864594,35.69966,32.54382,1.203,0.033361062,USD,,,,,,False,LNSTY,1.09,,,
1,2,468.05,469.0,468.8,484.8199,468.05,469.0,468.8,484.8199,13.2,0.0273,2024-12-02 01:00:00,0.45599997,0.481,17.480463,17.188189,1122453.0,1122453.0,1224066,997440,997440,0.0,490.0,800.0,800.0,114525839360.0,413.92,618.95,1.6063657,515.6688,512.7632,12.6,0.026920203,USD,,,,,,False,LMT,2.62,,,
1,2,0.0,108.34,108.34,108.34,0.0,108.34,108.34,108.34,2.28,0.0231,2024-05-31 02:00:00,0.5276,0.873,24.285715,,100.0,100.0,413,1150,1150,96.31,100.0,43500.0,40000.0,25895712768.0,95.34,115.77,3.1055229,103.1898,105.63125,2.09,Infinity,USD,,,,,,False,LGRVF,1.99,,,
1,2,166.74,165.6,165.6,169.0253,166.74,165.6,165.6,169.0253,3.8,0.0226,2024-12-05 01:00:00,0.6218,0.361,29.081314,23.674648,98956.0,98956.0,138356,133280,133280,167.5,168.84,100.0,100.0,4633518592.0,163.2,215.31,2.4689121,183.5004,185.78355,3.6,0.0215905,USD,,,,,,False,LANC,1.83,,,
1,2,0.0,45.0,45.0,45.0,0.0,45.0,45.0,45.0,0.33,0.0073,2024-06-20 02:00:00,0.2842,0.717,40.04386,,148.0,148.0,135,0,0,37.5,46.14,38800.0,46000.0,62774685696.0,39.13,46.5,0.025865098,45.2742,44.4171,28.0,Infinity,USD,,,,,,False,LTOUF,1.52,,,
1,2,165.68,164.82,164.18,169.46,165.68,164.82,164.18,169.46,1.38,0.0082,2025-01-07 01:00:00,0.2316,0.815,28.801369,24.771723,290508.0,290508.0,250470,185520,185520,167.78,168.61,100.0,100.0,5942707712.0,164.18,200.43,1.2307271,180.6918,182.24815,1.35,0.008148238,USD,,,,,,False,LSTR,0.64,,,
